{
  "name": "three.js",
  "homepage": "http://threejs.org/",
  "description": "JavaScript 3D library",
  "main": "build/three.js",
  "keywords": [
    "three",
    "threejs",
    "three.js",
    "3D",
    "webgl"
  ],
  "license": "MIT",
  "ignore": [
    "**/.*",
    "*.md",
    "docs",
    "editor",
    "examples",
    "src",
    "test",
    "utils",
    "LICENSE"
  ],
  "_release": "r67",
  "_resolution": {
    "type": "tag",
    "tag": "r67",
    "commit": "16b5d6ec488e2996d62b074160996f5fc3436528"
  },
  "_source": "https://github.com/mrdoob/three.js.git",
  "_target": "r67",
  "_originalSource": "threejs"
}