{
  "name": "tracking",
  "homepage": "http://trackingjs.com",
  "authors": [
    "Eduardo Lundgren <edu@rdo.io>"
  ],
  "description": "Augmented Reality JavaScript Framework.",
  "main": "build/tracking.js",
  "keywords": [
    "tracking",
    "webrtc"
  ],
  "license": "BSD",
  "ignore": [
    "**/.*",
    "node_modules"
  ],
  "dependencies": {
    "dat-gui": "0.5.0",
    "threejs": "r67"
  },
  "version": "1.1.3",
  "_release": "1.1.3",
  "_resolution": {
    "type": "version",
    "tag": "v1.1.3",
    "commit": "d6e112c170f443fda33197f57abda72c08086f53"
  },
  "_source": "https://github.com/eduardolundgren/tracking.js.git",
  "_target": "^1.1.3",
  "_originalSource": "tracking.js",
  "_direct": true
}